{"name": "Camera", "Focal Length": 50.0, "Location": [0.0, 41.1668701171875, 43.93164825439453], "Rotation": [0.8593925833702087, 0.3238157033920288, 3.141590118408203], "Perseption": "PERSP", "shift_x": 0.0, "shift_y": 0.0, "sensor_width": 36.0, "sensor_height": 24.0, "sensor_fit": "AUTO", "resolution_y": 800, "resolution_x": 800, "pixel_aspect_x": 1.0, "pixel_aspect_y": 1.0, "resolution_percentage": 100, "scale": [1.0, 1.0, 1.0]}