{"TYPE": "Principled BSDF", "Name": "Glass", "Base Color": [0.9716886281967163, 0.9716886281967163, 0.9716886281967163, 0.9716886281967163], "Subsurface": 0.0, "Subsurface Radius": "(1.0, 0.20000000298023224, 0.10000000149011612)", "Subsurface Color": [0.9716886281967163, 0.9716886281967163, 0.9716886281967163, 0.9716886281967163], "Metalic": 0.0, "Specular": 0.5, "Specular Tint": 0.0, "Roughness": 0.051723282784223557, "Anisotropic": 0.0, "Anisotropic Rotation": 0.0, "Sheen": 0.0, "Sheen tint": 0.5, "Clear Coat": 0.0, "Clear Coat Roguhness": 0.32222500443458557, "IOR": 1.509179949760437, "Transmission": 1.0, "Transmission Roguhness": 0.0, "Emission": [0.0, 0.0, 0.0, 1.0], "Emission Strengh": 0.0, "Alpha": 0.5048705339431763}