{"material1": "CGBookCases_Rock11_2K", "material2": {"TYPE": "Principled BSDF", "Base Color": [0.9899055361747742, 0.6221461296081543, 0.4669036865234375, 0.05422205477952957], "Subsurface": 0.0, "Subsurface Radius": "(1.0, 0.20000000298023224, 0.10000000149011612)", "Subsurface Color": [0.9899055361747742, 0.6221461296081543, 0.4669036865234375, 0.05422205477952957], "Metalic": 0.0, "Specular": 0.5, "Specular Tint": 0.0, "Roughness": 0.007108044810593128, "Anisotropic": 0.0, "Anisotropic Rotation": 0.18584860861301422, "Sheen": 0.0, "Sheen tint": 0.5, "Clear Coat": 0.0, "Clear Coat Roguhness": 0.029999999329447746, "IOR": 1.6453351974487305, "Transmission": 1.0, "Transmission Roguhness": 0.0, "Emission": [0.0, 0.0, 0.0, 1.0], "Emission Strengh": 0.0, "Alpha": 1.0}}