{"material1": {"TYPE": "Principled BSDF", "Base Color": [0.7794806361198425, 0.7794806361198425, 0.7794806361198425, 0.7794806361198425], "Subsurface": 0.0, "Subsurface Radius": "(1.0, 0.20000000298023224, 0.10000000149011612)", "Subsurface Color": [0.7794806361198425, 0.7794806361198425, 0.7794806361198425, 0.7794806361198425], "Metalic": 0.0, "Specular": 0.5, "Specular Tint": 0.0, "Roughness": 0.0, "Anisotropic": 0.0, "Anisotropic Rotation": 0.0, "Sheen": 0.0, "Sheen tint": 0.5, "Clear Coat": 0.0, "Clear Coat Roguhness": 0.029999999329447746, "IOR": 0.747199296951294, "Transmission": 1.0, "Transmission Roguhness": 0.10788892209529877, "Emission": [0.0, 0.0, 0.0, 1.0], "Emission Strengh": 0.0, "Alpha": 1.0}, "material2": "Merge_3DTextures_Wall_Siding_004_4K_CGBookCases_RoundMetalTiles01_2K_"}