{"name": "Camera", "Focal Length": 50.0, "Location": [0.0, 85.39199829101562, 23.22903823852539], "Rotation": [1.3388842344284058, -0.08755958825349808, 3.141590118408203], "Perseption": "PERSP", "shift_x": 0.0, "shift_y": 0.0, "sensor_width": 36.0, "sensor_height": 24.0, "sensor_fit": "AUTO", "resolution_y": 800, "resolution_x": 800, "pixel_aspect_x": 1.0, "pixel_aspect_y": 1.0, "resolution_percentage": 100, "scale": [1.0, 1.0, 1.0]}