{"TYPE": "Principled BSDF", "Name": "Glass", "Base Color": [0.8457133769989014, 0.8457133769989014, 0.8457133769989014, 0.8457133769989014], "Subsurface": 0.0, "Subsurface Radius": "(1.0, 0.20000000298023224, 0.10000000149011612)", "Subsurface Color": [0.8457133769989014, 0.8457133769989014, 0.8457133769989014, 0.8457133769989014], "Metalic": 0.0, "Specular": 0.5, "Specular Tint": 0.0, "Roughness": 0.0, "Anisotropic": 0.0, "Anisotropic Rotation": 0.0, "Sheen": 0.0, "Sheen tint": 0.5, "Clear Coat": 0.0, "Clear Coat Roguhness": 0.029999999329447746, "IOR": 1.4075214862823486, "Transmission": 0.9999963641166687, "Transmission Roguhness": 6.993238639552146e-05, "Emission": [0.0, 0.0, 0.0, 1.0], "Emission Strengh": 0.0, "Alpha": 0.7848271727561951}