{"TYPE": "Principled BSDF", "Name": "Glass", "Base Color": [0.9339574575424194, 0.9339574575424194, 0.9339574575424194, 0.9339574575424194], "Subsurface": 0.0, "Subsurface Radius": "(1.0, 0.20000000298023224, 0.10000000149011612)", "Subsurface Color": [0.9339574575424194, 0.9339574575424194, 0.9339574575424194, 0.9339574575424194], "Metalic": 0.0, "Specular": 0.5, "Specular Tint": 0.0, "Roughness": 0.055680155754089355, "Anisotropic": 0.0, "Anisotropic Rotation": 0.7192068696022034, "Sheen": 0.0, "Sheen tint": 0.5, "Clear Coat": 0.0, "Clear Coat Roguhness": 0.029999999329447746, "IOR": 1.811068058013916, "Transmission": 1.0, "Transmission Roguhness": 0.0, "Emission": [0.0, 0.0, 0.0, 1.0], "Emission Strengh": 0.0, "Alpha": 0.5178267955780029}