{"TYPE": "Principled BSDF", "Name": "Glass", "Base Color": [0.9390485882759094, 0.9390485882759094, 0.9390485882759094, 0.9390485882759094], "Subsurface": 0.0, "Subsurface Radius": "(1.0, 0.20000000298023224, 0.10000000149011612)", "Subsurface Color": [0.9390485882759094, 0.9390485882759094, 0.9390485882759094, 0.9390485882759094], "Metalic": 0.0, "Specular": 0.29958826303482056, "Specular Tint": 0.0, "Roughness": 0.0, "Anisotropic": 0.0, "Anisotropic Rotation": 0.0, "Sheen": 0.0, "Sheen tint": 0.5, "Clear Coat": 0.0, "Clear Coat Roguhness": 0.029999999329447746, "IOR": 0.7318821549415588, "Transmission": 1.0, "Transmission Roguhness": 0.0, "Emission": [0.0, 0.0, 0.0, 1.0], "Emission Strengh": 0.0, "Alpha": 0.7739766240119934}