{"TYPE": "Principled BSDF", "Name": "Glass", "Base Color": [0.7787914872169495, 0.7787914872169495, 0.7787914872169495, 0.7787914872169495], "Subsurface": 0.0, "Subsurface Radius": "(1.0, 0.20000000298023224, 0.10000000149011612)", "Subsurface Color": [0.7787914872169495, 0.7787914872169495, 0.7787914872169495, 0.7787914872169495], "Metalic": 0.0, "Specular": 0.5, "Specular Tint": 0.0, "Roughness": 1.189912927657133e-05, "Anisotropic": 0.0, "Anisotropic Rotation": 0.0, "Sheen": 0.0, "Sheen tint": 0.5, "Clear Coat": 0.0, "Clear Coat Roguhness": 0.9077590107917786, "IOR": 0.7595389485359192, "Transmission": 0.998556911945343, "Transmission Roguhness": 0.00017031545576173812, "Emission": [0.0, 0.0, 0.0, 1.0], "Emission Strengh": 0.0, "Alpha": 0.7415242195129395}